Order Id,PredictedValue
77202,2.9846463
75939,4.9875374
75938,4.0197825
75937,3.0072818
75936,2.061617
75935,5.9689164
75934,1.9950097
75933,1.9950097
75932,3.0064442
75931,1.9980005
75930,5.946609
75929,4.9492445
75928,4.0197825
