Order Id,PredictedValue
77202,9.162338e-06
75939,0.9813333
75938,0.017957572
75937,0.0030896773
75936,0.0012956052
75935,0.99549145
75934,0.9999269
75933,0.9999269
75932,0.9596254
75931,0.9999269
75930,0.9998858
75929,0.9997811
75928,0.99856913
